<?xml version="1.0" encoding="UTF-8" ?>
<!-- This is a WordPress eXtended RSS file generated by WordPress as an export of your site. -->
<!-- It contains information about your site's posts, pages, comments, categories, and other content. -->
<!-- You may use this file to transfer that content from one site to another. -->
<!-- This file is not intended to serve as a complete backup of your site. -->

<!-- To import this information into a WordPress site follow these steps: -->
<!-- 1. Log in to that site as an administrator. -->
<!-- 2. Go to Tools: Import in the WordPress admin panel. -->
<!-- 3. Install the "WordPress" importer from the list. -->
<!-- 4. Activate & Run Importer. -->
<!-- 5. Upload this file using the form provided on that page. -->
<!-- 6. You will first be asked to map the authors in this export file to users -->
<!--    on the site. For each author, you may choose to map to an -->
<!--    existing user on the site or to create a new user. -->
<!-- 7. WordPress will then import each of the posts, pages, comments, categories, etc. -->
<!--    contained in this file into your site. -->

	<!-- generator="WordPress/5.8.2" created="2021-12-04 19:17" -->
<rss version="2.0"
	xmlns:excerpt="http://wordpress.org/export/1.2/excerpt/"
	xmlns:content="http://purl.org/rss/1.0/modules/content/"
	xmlns:wfw="http://wellformedweb.org/CommentAPI/"
	xmlns:dc="http://purl.org/dc/elements/1.1/"
	xmlns:wp="http://wordpress.org/export/1.2/"
>

<channel>
	<title>Voyager tout simplement</title>
	<link>https://sandrine-ecole.alwaysdata.net</link>
	<description>Un petit tour autour du monde</description>
	<pubDate>Sat, 04 Dec 2021 19:17:07 +0000</pubDate>
	<language>fr-FR</language>
	<wp:wxr_version>1.2</wp:wxr_version>
	<wp:base_site_url>https://sandrine-ecole.alwaysdata.net</wp:base_site_url>
	<wp:base_blog_url>https://sandrine-ecole.alwaysdata.net</wp:base_blog_url>

		<wp:author><wp:author_id>1</wp:author_id><wp:author_login><![CDATA[fares]]></wp:author_login><wp:author_email><![CDATA[sandrine.hounat@gmail.com]]></wp:author_email><wp:author_display_name><![CDATA[fares]]></wp:author_display_name><wp:author_first_name><![CDATA[]]></wp:author_first_name><wp:author_last_name><![CDATA[]]></wp:author_last_name></wp:author>

				
	<generator>https://wordpress.org/?v=5.8.2</generator>

<image>
	<url>https://sandrine-ecole.alwaysdata.net/wp-content/uploads/2021/12/cropped-cropped-telechargement-1-32x32.jpg</url>
	<title>Voyager tout simplement</title>
	<link>https://sandrine-ecole.alwaysdata.net</link>
	<width>32</width>
	<height>32</height>
</image> 

		<item>
		<title><![CDATA[Bonjour tout le monde !]]></title>
		<link>https://sandrine-ecole.alwaysdata.net/?p=1</link>
		<pubDate>Wed, 24 Nov 2021 10:54:59 +0000</pubDate>
		<dc:creator><![CDATA[fares]]></dc:creator>
		<guid isPermaLink="false">https://sandrine-ecole.alwaysdata.net/?p=1</guid>
		<description></description>
		<content:encoded><![CDATA[<!-- wp:paragraph -->
<p>Bienvenue sur WordPress. Ceci est votre premier article. Modifiez-le ou supprimez-le, puis commencez à écrire !</p>
<!-- /wp:paragraph -->]]></content:encoded>
		<excerpt:encoded><![CDATA[]]></excerpt:encoded>
		<wp:post_id>1</wp:post_id>
		<wp:post_date><![CDATA[2021-11-24 11:54:59]]></wp:post_date>
		<wp:post_date_gmt><![CDATA[2021-11-24 10:54:59]]></wp:post_date_gmt>
		<wp:post_modified><![CDATA[2021-12-04 18:01:35]]></wp:post_modified>
		<wp:post_modified_gmt><![CDATA[2021-12-04 17:01:35]]></wp:post_modified_gmt>
		<wp:comment_status><![CDATA[open]]></wp:comment_status>
		<wp:ping_status><![CDATA[open]]></wp:ping_status>
		<wp:post_name><![CDATA[bonjour-tout-le-monde__trashed]]></wp:post_name>
		<wp:status><![CDATA[trash]]></wp:status>
		<wp:post_parent>0</wp:post_parent>
		<wp:menu_order>0</wp:menu_order>
		<wp:post_type><![CDATA[post]]></wp:post_type>
		<wp:post_password><![CDATA[]]></wp:post_password>
		<wp:is_sticky>0</wp:is_sticky>
										<category domain="category" nicename="non-classe"><![CDATA[Afrique]]></category>
						<wp:postmeta>
		<wp:meta_key><![CDATA[_wp_trash_meta_status]]></wp:meta_key>
		<wp:meta_value><![CDATA[publish]]></wp:meta_value>
		</wp:postmeta>
							<wp:postmeta>
		<wp:meta_key><![CDATA[_wp_trash_meta_time]]></wp:meta_key>
		<wp:meta_value><![CDATA[1638637295]]></wp:meta_value>
		</wp:postmeta>
							<wp:postmeta>
		<wp:meta_key><![CDATA[_wp_desired_post_slug]]></wp:meta_key>
		<wp:meta_value><![CDATA[bonjour-tout-le-monde]]></wp:meta_value>
		</wp:postmeta>
							<wp:postmeta>
		<wp:meta_key><![CDATA[_wp_trash_meta_comments_status]]></wp:meta_key>
		<wp:meta_value><![CDATA[a:1:{i:1;s:1:"1";}]]></wp:meta_value>
		</wp:postmeta>
							<wp:comment>
			<wp:comment_id>1</wp:comment_id>
			<wp:comment_author><![CDATA[Un commentateur WordPress]]></wp:comment_author>
			<wp:comment_author_email><![CDATA[wapuu@wordpress.example]]></wp:comment_author_email>
			<wp:comment_author_url>https://wordpress.org/</wp:comment_author_url>
			<wp:comment_author_IP><![CDATA[]]></wp:comment_author_IP>
			<wp:comment_date><![CDATA[2021-11-24 11:54:59]]></wp:comment_date>
			<wp:comment_date_gmt><![CDATA[2021-11-24 10:54:59]]></wp:comment_date_gmt>
			<wp:comment_content><![CDATA[Bonjour, ceci est un commentaire.
Pour débuter avec la modération, la modification et la suppression de commentaires, veuillez visiter l’écran des Commentaires dans le Tableau de bord.
Les avatars des personnes qui commentent arrivent depuis <a href="https://gravatar.com">Gravatar</a>.]]></wp:comment_content>
			<wp:comment_approved><![CDATA[post-trashed]]></wp:comment_approved>
			<wp:comment_type><![CDATA[comment]]></wp:comment_type>
			<wp:comment_parent>0</wp:comment_parent>
			<wp:comment_user_id>0</wp:comment_user_id>
							</wp:comment>
					</item>
					<item>
		<title><![CDATA[Elementor #14]]></title>
		<link>https://sandrine-ecole.alwaysdata.net/?p=14</link>
		<pubDate>Sat, 04 Dec 2021 17:01:38 +0000</pubDate>
		<dc:creator><![CDATA[fares]]></dc:creator>
		<guid isPermaLink="false">https://sandrine-ecole.alwaysdata.net/?p=14</guid>
		<description></description>
		<content:encoded><![CDATA[]]></content:encoded>
		<excerpt:encoded><![CDATA[]]></excerpt:encoded>
		<wp:post_id>14</wp:post_id>
		<wp:post_date><![CDATA[2021-12-04 18:01:38]]></wp:post_date>
		<wp:post_date_gmt><![CDATA[2021-12-04 17:01:38]]></wp:post_date_gmt>
		<wp:post_modified><![CDATA[2021-12-04 18:01:38]]></wp:post_modified>
		<wp:post_modified_gmt><![CDATA[2021-12-04 17:01:38]]></wp:post_modified_gmt>
		<wp:comment_status><![CDATA[open]]></wp:comment_status>
		<wp:ping_status><![CDATA[open]]></wp:ping_status>
		<wp:post_name><![CDATA[__trashed]]></wp:post_name>
		<wp:status><![CDATA[trash]]></wp:status>
		<wp:post_parent>0</wp:post_parent>
		<wp:menu_order>0</wp:menu_order>
		<wp:post_type><![CDATA[post]]></wp:post_type>
		<wp:post_password><![CDATA[]]></wp:post_password>
		<wp:is_sticky>0</wp:is_sticky>
										<category domain="category" nicename="non-classe"><![CDATA[Afrique]]></category>
						<wp:postmeta>
		<wp:meta_key><![CDATA[_edit_last]]></wp:meta_key>
		<wp:meta_value><![CDATA[1]]></wp:meta_value>
		</wp:postmeta>
							<wp:postmeta>
		<wp:meta_key><![CDATA[_yoast_wpseo_estimated-reading-time-minutes]]></wp:meta_key>
		<wp:meta_value><![CDATA[]]></wp:meta_value>
		</wp:postmeta>
							<wp:postmeta>
		<wp:meta_key><![CDATA[_elementor_edit_mode]]></wp:meta_key>
		<wp:meta_value><![CDATA[builder]]></wp:meta_value>
		</wp:postmeta>
							<wp:postmeta>
		<wp:meta_key><![CDATA[_elementor_template_type]]></wp:meta_key>
		<wp:meta_value><![CDATA[wp-post]]></wp:meta_value>
		</wp:postmeta>
							<wp:postmeta>
		<wp:meta_key><![CDATA[_elementor_version]]></wp:meta_key>
		<wp:meta_value><![CDATA[3.4.8]]></wp:meta_value>
		</wp:postmeta>
							<wp:postmeta>
		<wp:meta_key><![CDATA[_wp_trash_meta_status]]></wp:meta_key>
		<wp:meta_value><![CDATA[draft]]></wp:meta_value>
		</wp:postmeta>
							<wp:postmeta>
		<wp:meta_key><![CDATA[_wp_trash_meta_time]]></wp:meta_key>
		<wp:meta_value><![CDATA[1638637298]]></wp:meta_value>
		</wp:postmeta>
							<wp:postmeta>
		<wp:meta_key><![CDATA[_wp_desired_post_slug]]></wp:meta_key>
		<wp:meta_value><![CDATA[]]></wp:meta_value>
		</wp:postmeta>
							</item>
					<item>
		<title><![CDATA[Jordanie]]></title>
		<link>https://sandrine-ecole.alwaysdata.net/jordanie/</link>
		<pubDate>Wed, 24 Nov 2021 15:41:36 +0000</pubDate>
		<dc:creator><![CDATA[fares]]></dc:creator>
		<guid isPermaLink="false">https://sandrine-ecole.alwaysdata.net/?p=25</guid>
		<description></description>
		<content:encoded><![CDATA[<h1>Le Trésor - Pétra
</h1>		
		<p>Le site de Pétra fait partie des incontournables de la Jordanie. Pétra fût la raison pour laquelle nous avions choisi d’aller en Jordanie, et si quelque fois les gros sites touristiques peuvent se révéler décevant par rapport à ce que l’on imagine, ce n’a pas été le cas avec Pétra. Au contraire, j’ai été surprise par la beauté et l’immensité du lieu. Il faut dire que l’on nous montre toujours la même photo, celle du Trésor qui n’est que l’un des innombrables bâtiments de la cité Nabatéenne. Pétra a dépassé mes espérances. Il s’agit du site antique le plus magique et le plus merveilleux qui m’a été donné de voir jusqu’à ce jour.</p>		
															<img width="525" height="350" src="https://sandrine-ecole.alwaysdata.net/wp-content/uploads/2021/11/Visiter-Petra-38-1024x683.jpg" alt="" loading="lazy" srcset="https://sandrine-ecole.alwaysdata.net/wp-content/uploads/2021/11/Visiter-Petra-38-1024x683.jpg 1024w, https://sandrine-ecole.alwaysdata.net/wp-content/uploads/2021/11/Visiter-Petra-38-300x200.jpg 300w, https://sandrine-ecole.alwaysdata.net/wp-content/uploads/2021/11/Visiter-Petra-38-768x512.jpg 768w, https://sandrine-ecole.alwaysdata.net/wp-content/uploads/2021/11/Visiter-Petra-38-1536x1024.jpg 1536w, https://sandrine-ecole.alwaysdata.net/wp-content/uploads/2021/11/Visiter-Petra-38.jpg 1620w" sizes="(max-width: 525px) 100vw, 525px" />															
															<img width="525" height="352" src="https://sandrine-ecole.alwaysdata.net/wp-content/uploads/2021/11/tresor-petra-1024x686.jpg" alt="Jordanie" loading="lazy" srcset="https://sandrine-ecole.alwaysdata.net/wp-content/uploads/2021/11/tresor-petra-1024x686.jpg 1024w, https://sandrine-ecole.alwaysdata.net/wp-content/uploads/2021/11/tresor-petra-300x201.jpg 300w, https://sandrine-ecole.alwaysdata.net/wp-content/uploads/2021/11/tresor-petra-768x514.jpg 768w, https://sandrine-ecole.alwaysdata.net/wp-content/uploads/2021/11/tresor-petra.jpg 1080w" sizes="(max-width: 525px) 100vw, 525px" />															
															<img width="525" height="350" src="https://sandrine-ecole.alwaysdata.net/wp-content/uploads/2021/11/Visiter-Petra-19-1024x683.jpg" alt="" loading="lazy" srcset="https://sandrine-ecole.alwaysdata.net/wp-content/uploads/2021/11/Visiter-Petra-19-1024x683.jpg 1024w, https://sandrine-ecole.alwaysdata.net/wp-content/uploads/2021/11/Visiter-Petra-19-300x200.jpg 300w, https://sandrine-ecole.alwaysdata.net/wp-content/uploads/2021/11/Visiter-Petra-19-768x512.jpg 768w, https://sandrine-ecole.alwaysdata.net/wp-content/uploads/2021/11/Visiter-Petra-19-1536x1024.jpg 1536w, https://sandrine-ecole.alwaysdata.net/wp-content/uploads/2021/11/Visiter-Petra-19.jpg 1620w" sizes="(max-width: 525px) 100vw, 525px" />															
															<img width="525" height="350" src="https://sandrine-ecole.alwaysdata.net/wp-content/uploads/2021/11/Visiter-Petra-14-1024x683.jpg" alt="" loading="lazy" srcset="https://sandrine-ecole.alwaysdata.net/wp-content/uploads/2021/11/Visiter-Petra-14-1024x683.jpg 1024w, https://sandrine-ecole.alwaysdata.net/wp-content/uploads/2021/11/Visiter-Petra-14-300x200.jpg 300w, https://sandrine-ecole.alwaysdata.net/wp-content/uploads/2021/11/Visiter-Petra-14-768x512.jpg 768w, https://sandrine-ecole.alwaysdata.net/wp-content/uploads/2021/11/Visiter-Petra-14-1536x1024.jpg 1536w, https://sandrine-ecole.alwaysdata.net/wp-content/uploads/2021/11/Visiter-Petra-14.jpg 1620w" sizes="(max-width: 525px) 100vw, 525px" />															
		<p>En l’an 64 avant Jésus-Christ, les Romains arrivèrent et établirent une province romaine en Syrie. Sous la domination romaine, Petra prospéra et de nombreux embellissements romains furent introduits dans la ville. On peut citer le théâtre, le pavage de la rue à colonnades et la construction d’un arc de triomphe à l’entrée du Siq.</p><p>Les Romains prirent le contrôle des lucratives routes commerciales et les détournèrent de Petra. Ceci marqua le début du déclin des Nabatéens dont la richesse et le pouvoir périclitèrent peu à peu.</p><p>Plusieurs peuples, dont<strong> les Edomites, s’installèrent à Petra à partir de 7 000 avant JC.</strong> Mais ce sont surtout les Nabatéens qui marquèrent le site de leur empreinte. Ce peuple arabe nomade, s’installa à Petra vers la fin du 6ème siècle avant JC.</p><p>Ils furent séduits par les nombreux avantages du lieu: l’eau, la protection des canyons rocheux, la bienveillance des Edomites avec lesquels ils semblent avoir cohabité en paix. Au 2ème siècle avant JC, Petra était devenue une immense cité, de dix kilomètres carrés et la capitale du royaume Nabatéen.</p>		
															<img width="525" height="347" src="https://sandrine-ecole.alwaysdata.net/wp-content/uploads/2021/11/mont-nebo-jordanie-1024x676.jpeg" alt="" loading="lazy" srcset="https://sandrine-ecole.alwaysdata.net/wp-content/uploads/2021/11/mont-nebo-jordanie-1024x676.jpeg 1024w, https://sandrine-ecole.alwaysdata.net/wp-content/uploads/2021/11/mont-nebo-jordanie-300x198.jpeg 300w, https://sandrine-ecole.alwaysdata.net/wp-content/uploads/2021/11/mont-nebo-jordanie-768x507.jpeg 768w, https://sandrine-ecole.alwaysdata.net/wp-content/uploads/2021/11/mont-nebo-jordanie-1536x1014.jpeg 1536w, https://sandrine-ecole.alwaysdata.net/wp-content/uploads/2021/11/mont-nebo-jordanie.jpeg 1920w" sizes="(max-width: 525px) 100vw, 525px" />															
		<section><p>Lieu de pèlerinage, le Mont Nébo apparaît dans la Bible sous le nom de « Moab ». Selon le livre sacré, Moïse y aurait contemplé la Terre sainte alors qu’il conduisait le peuple d’Israël vers le pays de Canaan. C’est à l’âge de 120 ans et après avoir admiré les territoires tant espérés qu’il décéda. Il est enterré dans les alentours, le lieu exact de sa sépulture restant inconnu. C’est ici pourtant qu’au IVe siècle, les chrétiens byzantins construisirent au sommet de la colline un sanctuaire en hommage au prophète.</p></section><section> </section>		
			<h2>Du Mont Nébo à la Forteresse de Kerak</h2>		
															<img width="525" height="295" src="https://sandrine-ecole.alwaysdata.net/wp-content/uploads/2021/11/kerak.jpg" alt="" loading="lazy" srcset="https://sandrine-ecole.alwaysdata.net/wp-content/uploads/2021/11/kerak.jpg 805w, https://sandrine-ecole.alwaysdata.net/wp-content/uploads/2021/11/kerak-300x169.jpg 300w, https://sandrine-ecole.alwaysdata.net/wp-content/uploads/2021/11/kerak-768x432.jpg 768w" sizes="(max-width: 525px) 100vw, 525px" />															
		<section><p>Deux siècles plus tard, le lieu devient un passage obligé pour les pèlerins se rendant à Jérusalem. Des fouilles entreprises au XXe siècle ont mis à jour les vestiges d’une basilique.Seules les ruines des trois nefs et quelques mosaïques aux motifs champêtres y sont encore visibles. Aujourd’hui, le site attire encore de nombreux pèlerins.</p><p>En 2000, le pape Jean-Paul II puis, le pape Benoît XVI en 2009 se rendirent en pèlerinage au Mont Nébo. En 2016, après plusieurs années de travaux, les restaurations du Mémorial de Moïse furent achevées.</p></section><section> </section>]]></content:encoded>
		<excerpt:encoded><![CDATA[]]></excerpt:encoded>
		<wp:post_id>25</wp:post_id>
		<wp:post_date><![CDATA[2021-11-24 16:41:36]]></wp:post_date>
		<wp:post_date_gmt><![CDATA[2021-11-24 15:41:36]]></wp:post_date_gmt>
		<wp:post_modified><![CDATA[2021-12-04 20:16:25]]></wp:post_modified>
		<wp:post_modified_gmt><![CDATA[2021-12-04 19:16:25]]></wp:post_modified_gmt>
		<wp:comment_status><![CDATA[closed]]></wp:comment_status>
		<wp:ping_status><![CDATA[closed]]></wp:ping_status>
		<wp:post_name><![CDATA[jordanie]]></wp:post_name>
		<wp:status><![CDATA[publish]]></wp:status>
		<wp:post_parent>0</wp:post_parent>
		<wp:menu_order>0</wp:menu_order>
		<wp:post_type><![CDATA[post]]></wp:post_type>
		<wp:post_password><![CDATA[]]></wp:post_password>
		<wp:is_sticky>0</wp:is_sticky>
										<category domain="category" nicename="non-classe"><![CDATA[Afrique]]></category>
						<wp:postmeta>
		<wp:meta_key><![CDATA[_edit_last]]></wp:meta_key>
		<wp:meta_value><![CDATA[1]]></wp:meta_value>
		</wp:postmeta>
							<wp:postmeta>
		<wp:meta_key><![CDATA[_yoast_wpseo_estimated-reading-time-minutes]]></wp:meta_key>
		<wp:meta_value><![CDATA[3]]></wp:meta_value>
		</wp:postmeta>
							<wp:postmeta>
		<wp:meta_key><![CDATA[_elementor_edit_mode]]></wp:meta_key>
		<wp:meta_value><![CDATA[builder]]></wp:meta_value>
		</wp:postmeta>
							<wp:postmeta>
		<wp:meta_key><![CDATA[_elementor_template_type]]></wp:meta_key>
		<wp:meta_value><![CDATA[wp-post]]></wp:meta_value>
		</wp:postmeta>
							<wp:postmeta>
		<wp:meta_key><![CDATA[_elementor_version]]></wp:meta_key>
		<wp:meta_value><![CDATA[3.4.8]]></wp:meta_value>
		</wp:postmeta>
							<wp:postmeta>
		<wp:meta_key><![CDATA[_wp_page_template]]></wp:meta_key>
		<wp:meta_value><![CDATA[default]]></wp:meta_value>
		</wp:postmeta>
							<wp:postmeta>
		<wp:meta_key><![CDATA[_elementor_data]]></wp:meta_key>
		<wp:meta_value><![CDATA[[{"id":"06f9d4c","elType":"section","settings":{"structure":"20"},"elements":[{"id":"1207007","elType":"column","settings":{"_column_size":50,"_inline_size":57.206},"elements":[{"id":"2c77a74","elType":"widget","settings":{"title":"Le Tr\u00e9sor - P\u00e9tra\n","header_size":"h1","typography_typography":"custom","typography_font_family":"Oswald","typography_font_weight":"200","__globals__":{"title_color":"globals\/colors?id=295ec22"}},"elements":[],"widgetType":"heading"},{"id":"4711871","elType":"widget","settings":{"editor":"<p>Le site de P\u00e9tra fait partie des incontournables de la Jordanie. P\u00e9tra f\u00fbt la raison pour laquelle nous avions choisi d\u2019aller en Jordanie, et si quelque fois les gros sites touristiques peuvent se r\u00e9v\u00e9ler d\u00e9cevant par rapport \u00e0 ce que l\u2019on imagine, ce n\u2019a pas \u00e9t\u00e9 le cas avec P\u00e9tra. Au contraire, j\u2019ai \u00e9t\u00e9 surprise par la beaut\u00e9 et l\u2019immensit\u00e9 du lieu. Il faut dire que l\u2019on nous montre toujours la m\u00eame photo, celle du Tr\u00e9sor qui n\u2019est que l\u2019un des innombrables b\u00e2timents de la cit\u00e9 Nabat\u00e9enne. P\u00e9tra a d\u00e9pass\u00e9 mes esp\u00e9rances. Il s\u2019agit du site antique le plus magique et le plus merveilleux qui m\u2019a \u00e9t\u00e9 donn\u00e9 de voir jusqu\u2019\u00e0 ce jour.<\/p>","text_color":"#123544","typography_typography":"custom","typography_font_family":"Open Sans","typography_font_weight":"400","_padding":{"unit":"px","top":"13","right":"13","bottom":"13","left":"13","isLinked":true},"__globals__":{"text_color":""}},"elements":[],"widgetType":"text-editor"},{"id":"9c9f3bc","elType":"widget","settings":{"image":{"url":"https:\/\/sandrine-ecole.alwaysdata.net\/wp-content\/uploads\/2021\/11\/Visiter-Petra-38.jpg","id":109,"alt":"","source":"library"}},"elements":[],"widgetType":"image"}],"isInner":false},{"id":"4c5d20b","elType":"column","settings":{"_column_size":50,"_inline_size":42.705,"padding":{"unit":"px","top":"0","right":"0","bottom":"0","left":"30","isLinked":false}},"elements":[{"id":"e9576db","elType":"section","settings":[],"elements":[{"id":"b0dc55e","elType":"column","settings":{"_column_size":100,"_inline_size":null},"elements":[{"id":"b08ebd7","elType":"widget","settings":{"image":{"url":"https:\/\/sandrine-ecole.alwaysdata.net\/wp-content\/uploads\/2021\/11\/tresor-petra.jpg","id":20,"alt":"Jordanie","source":"library"}},"elements":[],"widgetType":"image"}],"isInner":true}],"isInner":true},{"id":"f9b34ce","elType":"widget","settings":{"editor":""},"elements":[],"widgetType":"text-editor"},{"id":"08db18f","elType":"section","settings":{"structure":"20"},"elements":[{"id":"1c8f953","elType":"column","settings":{"_column_size":50,"_inline_size":null},"elements":[{"id":"9cc9bd1","elType":"widget","settings":{"image":{"url":"https:\/\/sandrine-ecole.alwaysdata.net\/wp-content\/uploads\/2021\/11\/Visiter-Petra-19.jpg","id":112,"alt":"","source":"library"}},"elements":[],"widgetType":"image"}],"isInner":true},{"id":"f3f52dc","elType":"column","settings":{"_column_size":50,"_inline_size":null},"elements":[{"id":"886b8af","elType":"widget","settings":{"image":{"url":"https:\/\/sandrine-ecole.alwaysdata.net\/wp-content\/uploads\/2021\/11\/Visiter-Petra-14.jpg","id":111,"alt":"","source":"library"}},"elements":[],"widgetType":"image"}],"isInner":true}],"isInner":true},{"id":"7f45595","elType":"widget","settings":{"editor":"<p>En l\u2019an 64 avant J\u00e9sus-Christ, les Romains arriv\u00e8rent et \u00e9tablirent une province romaine en Syrie. Sous la domination romaine, Petra prosp\u00e9ra et de nombreux embellissements romains furent introduits dans la ville. On peut citer le th\u00e9\u00e2tre, le pavage de la rue \u00e0 colonnades et la construction d\u2019un arc de triomphe \u00e0 l\u2019entr\u00e9e du Siq.<\/p><p>Les Romains prirent le contr\u00f4le des lucratives routes commerciales et les d\u00e9tourn\u00e8rent de Petra. Ceci marqua le d\u00e9but du d\u00e9clin des Nabat\u00e9ens dont la richesse et le pouvoir p\u00e9riclit\u00e8rent peu \u00e0 peu.<\/p>","text_color":"#000000","typography_typography":"custom","typography_font_family":"Open Sans","typography_font_weight":"400"},"elements":[],"widgetType":"text-editor"}],"isInner":false}],"isInner":false},{"id":"89e1b54","elType":"section","settings":{"structure":"20"},"elements":[{"id":"3cdc544","elType":"column","settings":{"_column_size":50,"_inline_size":61.261},"elements":[{"id":"d72adf7","elType":"widget","settings":{"editor":"<p>Plusieurs peuples, dont<strong>\u00a0les Edomites, s\u2019install\u00e8rent \u00e0 Petra \u00e0 partir de 7 000 avant JC.<\/strong>\u00a0Mais ce sont surtout les Nabat\u00e9ens qui marqu\u00e8rent le site de leur empreinte. Ce peuple arabe nomade, s\u2019installa \u00e0 Petra vers la fin du 6\u00e8me si\u00e8cle avant JC.<\/p><p>Ils furent s\u00e9duits par les nombreux avantages du lieu: l\u2019eau, la protection des canyons rocheux, la bienveillance des Edomites avec lesquels ils semblent avoir cohabit\u00e9 en paix.\u00a0Au 2\u00e8me si\u00e8cle avant JC, Petra \u00e9tait devenue une immense cit\u00e9, de dix kilom\u00e8tres carr\u00e9s et la capitale du royaume Nabat\u00e9en.<\/p>","typography_typography":"custom","typography_font_family":"Open Sans","typography_font_weight":"400","__globals__":{"text_color":"globals\/colors?id=295ec22"}},"elements":[],"widgetType":"text-editor"}],"isInner":false},{"id":"d15f3ac","elType":"column","settings":{"_column_size":50,"_inline_size":38.695,"padding":{"unit":"px","top":"0","right":"0","bottom":"0","left":"0","isLinked":false}},"elements":[{"id":"1e84da2","elType":"section","settings":{"structure":"20"},"elements":[{"id":"c7529a4","elType":"column","settings":{"_column_size":50,"_inline_size":null},"elements":[],"isInner":true},{"id":"edc6a46","elType":"column","settings":{"_column_size":50,"_inline_size":null},"elements":[],"isInner":true}],"isInner":true}],"isInner":false}],"isInner":false},{"id":"5e738f5","elType":"section","settings":{"structure":"21"},"elements":[{"id":"9f96347","elType":"column","settings":{"_column_size":33,"_inline_size":null},"elements":[{"id":"71e4f92","elType":"widget","settings":{"space":{"unit":"px","size":84,"sizes":[]}},"elements":[],"widgetType":"spacer"},{"id":"68e6fa6","elType":"widget","settings":{"image":{"url":"https:\/\/sandrine-ecole.alwaysdata.net\/wp-content\/uploads\/2021\/11\/mont-nebo-jordanie.jpeg","id":113,"alt":"","source":"library"}},"elements":[],"widgetType":"image"},{"id":"bd7f41f","elType":"widget","settings":{"editor":"<section class=\"Article-content\"><div class=\"container\"><div data-col=\"4\/6\" data-col-tablet=\"1\/1\" data-col-small=\"10\/12\"><div class=\"Article-content__content\"><div class=\"Basic\"><p>Lieu de p\u00e8lerinage, le Mont N\u00e9bo appara\u00eet dans la Bible sous le nom de \u00ab Moab \u00bb. Selon le livre sacr\u00e9, Mo\u00efse y aurait contempl\u00e9 la Terre sainte alors qu\u2019il conduisait le peuple d\u2019Isra\u00ebl vers le pays de Canaan. C\u2019est \u00e0 l\u2019\u00e2ge de 120 ans et apr\u00e8s avoir admir\u00e9 les territoires tant esp\u00e9r\u00e9s qu\u2019il d\u00e9c\u00e9da. Il est enterr\u00e9 dans les alentours, le lieu exact de sa s\u00e9pulture restant inconnu. C\u2019est ici pourtant qu\u2019au IVe si\u00e8cle, les chr\u00e9tiens byzantins construisirent au sommet de la colline un sanctuaire en hommage au proph\u00e8te.<\/p><\/div><\/div><\/div><\/div><\/section><section class=\" grey Grid\"><div class=\"Title Title--large\">\u00a0<\/div><\/section>","typography_typography":"custom","typography_font_family":"Open Sans","typography_font_weight":"400","__globals__":{"text_color":"globals\/colors?id=295ec22"}},"elements":[],"widgetType":"text-editor"}],"isInner":false},{"id":"790c8b7","elType":"column","settings":{"_column_size":66,"_inline_size":null},"elements":[{"id":"b24880a","elType":"widget","settings":{"editor":""},"elements":[],"widgetType":"text-editor"},{"id":"0c0df78","elType":"widget","settings":{"title":"Du Mont N\u00e9bo \u00e0 la Forteresse de Kerak","typography_typography":"custom","typography_font_family":"Oswald","typography_font_weight":"200","__globals__":{"title_color":"globals\/colors?id=295ec22"},"align":"center","typography_font_size":{"unit":"rem","size":3.2,"sizes":[]}},"elements":[],"widgetType":"heading"},{"id":"1477921","elType":"widget","settings":{"image":{"url":"https:\/\/sandrine-ecole.alwaysdata.net\/wp-content\/uploads\/2021\/11\/kerak.jpg","id":110,"alt":"","source":"library"}},"elements":[],"widgetType":"image"},{"id":"13cee70","elType":"widget","settings":{"editor":"<section class=\"Article-content\"><div class=\"container\"><div data-col=\"4\/6\" data-col-tablet=\"1\/1\" data-col-small=\"10\/12\"><div class=\"Article-content__content\"><div class=\"Basic\"><p>Deux si\u00e8cles plus tard, le lieu devient un passage oblig\u00e9 pour les p\u00e8lerins se rendant \u00e0 J\u00e9rusalem. Des fouilles entreprises au XXe si\u00e8cle ont mis \u00e0 jour les vestiges d\u2019une basilique.Seules les ruines des trois nefs et quelques mosa\u00efques aux motifs champ\u00eatres y sont encore visibles. Aujourd\u2019hui, le site attire encore de nombreux p\u00e8lerins.<\/p><p>En 2000, le pape Jean-Paul II puis, le pape Beno\u00eet XVI en 2009 se rendirent en p\u00e8lerinage au Mont N\u00e9bo. En 2016, apr\u00e8s plusieurs ann\u00e9es de travaux, les restaurations du M\u00e9morial de Mo\u00efse furent achev\u00e9es.<\/p><\/div><\/div><\/div><\/div><\/section><section class=\" grey Grid\"><div class=\"Title Title--large\">\u00a0<\/div><\/section>","typography_typography":"custom","typography_font_family":"Open Sans","typography_font_weight":"400","__globals__":{"text_color":"globals\/colors?id=295ec22"}},"elements":[],"widgetType":"text-editor"}],"isInner":false}],"isInner":false}]]]></wp:meta_value>
		</wp:postmeta>
							<wp:postmeta>
		<wp:meta_key><![CDATA[_elementor_page_assets]]></wp:meta_key>
		<wp:meta_value><![CDATA[a:0:{}]]></wp:meta_value>
		</wp:postmeta>
							<wp:postmeta>
		<wp:meta_key><![CDATA[_yoast_wpseo_content_score]]></wp:meta_key>
		<wp:meta_value><![CDATA[90]]></wp:meta_value>
		</wp:postmeta>
							<wp:postmeta>
		<wp:meta_key><![CDATA[_yoast_wpseo_primary_category]]></wp:meta_key>
		<wp:meta_value><![CDATA[2]]></wp:meta_value>
		</wp:postmeta>
							<wp:postmeta>
		<wp:meta_key><![CDATA[_thumbnail_id]]></wp:meta_key>
		<wp:meta_value><![CDATA[113]]></wp:meta_value>
		</wp:postmeta>
							<wp:postmeta>
		<wp:meta_key><![CDATA[gucherry_blog_sidebar_position]]></wp:meta_key>
		<wp:meta_value><![CDATA[right]]></wp:meta_value>
		</wp:postmeta>
							<wp:postmeta>
		<wp:meta_key><![CDATA[_elementor_controls_usage]]></wp:meta_key>
		<wp:meta_value><![CDATA[a:6:{s:7:"heading";a:3:{s:5:"count";i:2;s:15:"control_percent";i:4;s:8:"controls";a:2:{s:7:"content";a:1:{s:13:"section_title";a:3:{s:5:"title";i:2;s:11:"header_size";i:1;s:5:"align";i:1;}}s:5:"style";a:1:{s:19:"section_title_style";a:4:{s:21:"typography_typography";i:2;s:22:"typography_font_family";i:2;s:22:"typography_font_weight";i:2;s:20:"typography_font_size";i:1;}}}}s:11:"text-editor";a:3:{s:5:"count";i:7;s:15:"control_percent";i:2;s:8:"controls";a:3:{s:7:"content";a:1:{s:14:"section_editor";a:1:{s:6:"editor";i:7;}}s:5:"style";a:1:{s:13:"section_style";a:4:{s:10:"text_color";i:2;s:21:"typography_typography";i:5;s:22:"typography_font_family";i:5;s:22:"typography_font_weight";i:5;}}s:8:"advanced";a:1:{s:14:"_section_style";a:1:{s:8:"_padding";i:1;}}}}s:5:"image";a:3:{s:5:"count";i:6;s:15:"control_percent";i:1;s:8:"controls";a:1:{s:7:"content";a:1:{s:13:"section_image";a:1:{s:5:"image";i:6;}}}}s:6:"column";a:3:{s:5:"count";i:11;s:15:"control_percent";i:0;s:8:"controls";a:2:{s:6:"layout";a:1:{s:6:"layout";a:1:{s:12:"_inline_size";i:11;}}s:8:"advanced";a:1:{s:16:"section_advanced";a:1:{s:7:"padding";i:2;}}}}s:7:"section";a:3:{s:5:"count";i:6;s:15:"control_percent";i:0;s:8:"controls";a:1:{s:6:"layout";a:1:{s:17:"section_structure";a:1:{s:9:"structure";i:5;}}}}s:6:"spacer";a:3:{s:5:"count";i:1;s:15:"control_percent";i:1;s:8:"controls";a:1:{s:7:"content";a:1:{s:14:"section_spacer";a:1:{s:5:"space";i:1;}}}}}]]></wp:meta_value>
		</wp:postmeta>
							</item>
					<item>
		<title><![CDATA[Nouvelle-Zélande]]></title>
		<link>https://sandrine-ecole.alwaysdata.net/nouvelle-zelande/</link>
		<pubDate>Wed, 24 Nov 2021 16:00:35 +0000</pubDate>
		<dc:creator><![CDATA[fares]]></dc:creator>
		<guid isPermaLink="false">https://sandrine-ecole.alwaysdata.net/?p=38</guid>
		<description></description>
		<content:encoded><![CDATA[<h2>Découvrir la Nouvelle Zélande</h2>
Un voyage dans cette terre lointaine et insulaire est un vrai retour aux sources. Vous savez sans doute combien la Nouvelle-Zélande est photogénique et n'ignorez pas non plus que les sports d'aventure -saut à l'élastique, ski, saut en chute libre, rafting- y règnent en maîtres.

<img width="525" height="350" src="https://sandrine-ecole.alwaysdata.net/wp-content/uploads/2021/11/rotorua-1024x682-1.jpg" alt="" loading="lazy" srcset="https://sandrine-ecole.alwaysdata.net/wp-content/uploads/2021/11/rotorua-1024x682-1.jpg 1024w, https://sandrine-ecole.alwaysdata.net/wp-content/uploads/2021/11/rotorua-1024x682-1-300x200.jpg 300w, https://sandrine-ecole.alwaysdata.net/wp-content/uploads/2021/11/rotorua-1024x682-1-768x512.jpg 768w" sizes="(max-width: 525px) 100vw, 525px">
<img width="525" height="350" src="https://sandrine-ecole.alwaysdata.net/wp-content/uploads/2021/11/White_Island_New_Zealand-1024x683.jpg" alt="" loading="lazy" srcset="https://sandrine-ecole.alwaysdata.net/wp-content/uploads/2021/11/White_Island_New_Zealand-1024x683.jpg 1024w, https://sandrine-ecole.alwaysdata.net/wp-content/uploads/2021/11/White_Island_New_Zealand-300x200.jpg 300w, https://sandrine-ecole.alwaysdata.net/wp-content/uploads/2021/11/White_Island_New_Zealand-768x512.jpg 768w, https://sandrine-ecole.alwaysdata.net/wp-content/uploads/2021/11/White_Island_New_Zealand.jpg 1200w" sizes="(max-width: 525px) 100vw, 525px">
<h4>Une activité volcanique dense</h4>
<h2>&nbsp;</h2>
L’île Fumante tire son nom de la région de Roturoa, qui concentre&nbsp;<strong>une activité volcanique toujours très intense.</strong>&nbsp;Spectaculaire. Les bains thérapeutiques sont en vogue depuis l’époque des colons au XIXème siècle et le site de Whakarewarewa concentre des sources de boues visqueuses chaudes, des solfatares (des fissures dans le sol d’où se dégage de la vapeur d’eau contenant du soufre) et bien sûr des geysers. Le plus important gicle à plus de 20 m de haut, entre 14 et 26 fois par jour. L’odeur y est… particulière et les couleurs surnaturelles.

<img width="525" height="263" src="https://sandrine-ecole.alwaysdata.net/wp-content/uploads/2021/11/lac-wanaka-otago-nouvelle-zelande-498320-1440x720-1-1024x512.jpg" alt="" loading="lazy" srcset="https://sandrine-ecole.alwaysdata.net/wp-content/uploads/2021/11/lac-wanaka-otago-nouvelle-zelande-498320-1440x720-1-1024x512.jpg 1024w, https://sandrine-ecole.alwaysdata.net/wp-content/uploads/2021/11/lac-wanaka-otago-nouvelle-zelande-498320-1440x720-1-300x150.jpg 300w, https://sandrine-ecole.alwaysdata.net/wp-content/uploads/2021/11/lac-wanaka-otago-nouvelle-zelande-498320-1440x720-1-768x384.jpg 768w, https://sandrine-ecole.alwaysdata.net/wp-content/uploads/2021/11/lac-wanaka-otago-nouvelle-zelande-498320-1440x720-1.jpg 1440w" sizes="(max-width: 525px) 100vw, 525px">]]></content:encoded>
		<excerpt:encoded><![CDATA[]]></excerpt:encoded>
		<wp:post_id>38</wp:post_id>
		<wp:post_date><![CDATA[2021-11-24 17:00:35]]></wp:post_date>
		<wp:post_date_gmt><![CDATA[2021-11-24 16:00:35]]></wp:post_date_gmt>
		<wp:post_modified><![CDATA[2021-12-04 20:16:12]]></wp:post_modified>
		<wp:post_modified_gmt><![CDATA[2021-12-04 19:16:12]]></wp:post_modified_gmt>
		<wp:comment_status><![CDATA[closed]]></wp:comment_status>
		<wp:ping_status><![CDATA[closed]]></wp:ping_status>
		<wp:post_name><![CDATA[nouvelle-zelande]]></wp:post_name>
		<wp:status><![CDATA[publish]]></wp:status>
		<wp:post_parent>0</wp:post_parent>
		<wp:menu_order>0</wp:menu_order>
		<wp:post_type><![CDATA[post]]></wp:post_type>
		<wp:post_password><![CDATA[]]></wp:post_password>
		<wp:is_sticky>0</wp:is_sticky>
										<category domain="category" nicename="non-classe"><![CDATA[Afrique]]></category>
						<wp:postmeta>
		<wp:meta_key><![CDATA[_edit_last]]></wp:meta_key>
		<wp:meta_value><![CDATA[1]]></wp:meta_value>
		</wp:postmeta>
							<wp:postmeta>
		<wp:meta_key><![CDATA[_yoast_wpseo_primary_category]]></wp:meta_key>
		<wp:meta_value><![CDATA[3]]></wp:meta_value>
		</wp:postmeta>
							<wp:postmeta>
		<wp:meta_key><![CDATA[_yoast_wpseo_estimated-reading-time-minutes]]></wp:meta_key>
		<wp:meta_value><![CDATA[]]></wp:meta_value>
		</wp:postmeta>
							<wp:postmeta>
		<wp:meta_key><![CDATA[_elementor_edit_mode]]></wp:meta_key>
		<wp:meta_value><![CDATA[builder]]></wp:meta_value>
		</wp:postmeta>
							<wp:postmeta>
		<wp:meta_key><![CDATA[_elementor_template_type]]></wp:meta_key>
		<wp:meta_value><![CDATA[wp-post]]></wp:meta_value>
		</wp:postmeta>
							<wp:postmeta>
		<wp:meta_key><![CDATA[_elementor_version]]></wp:meta_key>
		<wp:meta_value><![CDATA[3.4.8]]></wp:meta_value>
		</wp:postmeta>
							<wp:postmeta>
		<wp:meta_key><![CDATA[_wp_page_template]]></wp:meta_key>
		<wp:meta_value><![CDATA[default]]></wp:meta_value>
		</wp:postmeta>
							<wp:postmeta>
		<wp:meta_key><![CDATA[_elementor_data]]></wp:meta_key>
		<wp:meta_value><![CDATA[[{"id":"150f5a0","elType":"section","settings":[],"elements":[{"id":"a6cb446","elType":"column","settings":{"_column_size":100,"_inline_size":null},"elements":[{"id":"7ba9c96","elType":"widget","settings":{"title":"D\u00e9couvrir la Nouvelle Z\u00e9lande","typography_typography":"custom","typography_font_family":"Open Sans","typography_font_size":{"unit":"rem","size":3,"sizes":[]},"typography_font_weight":"400","__globals__":{"title_color":"globals\/colors?id=295ec22"}},"elements":[],"widgetType":"heading"},{"id":"7c98c16","elType":"widget","settings":{"editor":"<p>Un voyage dans cette terre lointaine et insulaire est un vrai retour aux sources. Vous savez sans doute combien la Nouvelle-Z\u00e9lande est photog\u00e9nique et n'ignorez pas non plus que les sports d'aventure -saut \u00e0 l'\u00e9lastique, ski, saut en chute libre, rafting- y r\u00e8gnent en ma\u00eetres.<\/p>","__globals__":{"text_color":"globals\/colors?id=295ec22"}},"elements":[],"widgetType":"text-editor"}],"isInner":false}],"isInner":false},{"id":"8d0ced6","elType":"section","settings":{"structure":"20"},"elements":[{"id":"acf6721","elType":"column","settings":{"_column_size":50,"_inline_size":46.575},"elements":[],"isInner":false},{"id":"4d71a4d","elType":"column","settings":{"_column_size":50,"_inline_size":53.381},"elements":[],"isInner":false}],"isInner":false},{"id":"4b34d69","elType":"section","settings":{"structure":"30"},"elements":[{"id":"0af07a1","elType":"column","settings":{"_column_size":33,"_inline_size":23.242},"elements":[{"id":"e3cd9fa","elType":"widget","settings":{"image":{"url":"https:\/\/sandrine-ecole.alwaysdata.net\/wp-content\/uploads\/2021\/11\/rotorua-1024x682-1.jpg","id":230,"alt":"","source":"library"}},"elements":[],"widgetType":"image"}],"isInner":false},{"id":"da5a453","elType":"column","settings":{"_column_size":33,"_inline_size":23.899},"elements":[{"id":"99c3cb3","elType":"widget","settings":{"image":{"url":"https:\/\/sandrine-ecole.alwaysdata.net\/wp-content\/uploads\/2021\/11\/White_Island_New_Zealand.jpg","id":232,"alt":"","source":"library"}},"elements":[],"widgetType":"image"}],"isInner":false},{"id":"4755d92","elType":"column","settings":{"_column_size":33,"_inline_size":52.191},"elements":[{"id":"c7f4ab1","elType":"widget","settings":{"title":"Une activit\u00e9 volcanique dense","header_size":"h4","align":"center","typography_typography":"custom","typography_font_family":"Open Sans","typography_font_size":{"unit":"rem","size":2.5,"sizes":[]},"typography_font_weight":"400","__globals__":{"title_color":"globals\/colors?id=295ec22"}},"elements":[],"widgetType":"heading"},{"id":"095c4d2","elType":"widget","settings":{"editor":"<h2>\u00a0<\/h2><p>L\u2019\u00eele Fumante tire son nom de la r\u00e9gion de Roturoa, qui concentre\u00a0<strong>une activit\u00e9 volcanique toujours tr\u00e8s intense.<\/strong>\u00a0Spectaculaire. Les bains th\u00e9rapeutiques sont en vogue depuis l\u2019\u00e9poque des colons au XIX\u00e8me si\u00e8cle et le site de Whakarewarewa concentre des sources de boues visqueuses chaudes, des solfatares (des fissures dans le sol d\u2019o\u00f9 se d\u00e9gage de la vapeur d\u2019eau contenant du soufre) et bien s\u00fbr des geysers. Le plus important gicle \u00e0 plus de 20 m de haut, entre 14 et 26 fois par jour. L\u2019odeur y est\u2026 particuli\u00e8re et les couleurs surnaturelles.<\/p>","typography_typography":"custom","typography_font_family":"Open Sans","typography_font_weight":"400","__globals__":{"text_color":"globals\/colors?id=295ec22"}},"elements":[],"widgetType":"text-editor"}],"isInner":false}],"isInner":false},{"id":"3997a8b","elType":"section","settings":[],"elements":[{"id":"86661c3","elType":"column","settings":{"_column_size":100,"_inline_size":null},"elements":[{"id":"da642cc","elType":"widget","settings":{"image":{"url":"https:\/\/sandrine-ecole.alwaysdata.net\/wp-content\/uploads\/2021\/11\/lac-wanaka-otago-nouvelle-zelande-498320-1440x720-1.jpg","id":233,"alt":"","source":"library"}},"elements":[],"widgetType":"image"}],"isInner":false}],"isInner":false}]]]></wp:meta_value>
		</wp:postmeta>
							<wp:postmeta>
		<wp:meta_key><![CDATA[_elementor_page_assets]]></wp:meta_key>
		<wp:meta_value><![CDATA[a:0:{}]]></wp:meta_value>
		</wp:postmeta>
							<wp:postmeta>
		<wp:meta_key><![CDATA[_elementor_controls_usage]]></wp:meta_key>
		<wp:meta_value><![CDATA[a:5:{s:7:"heading";a:3:{s:5:"count";i:2;s:15:"control_percent";i:4;s:8:"controls";a:2:{s:7:"content";a:1:{s:13:"section_title";a:3:{s:5:"title";i:2;s:11:"header_size";i:1;s:5:"align";i:1;}}s:5:"style";a:1:{s:19:"section_title_style";a:4:{s:21:"typography_typography";i:2;s:22:"typography_font_family";i:2;s:20:"typography_font_size";i:2;s:22:"typography_font_weight";i:2;}}}}s:11:"text-editor";a:3:{s:5:"count";i:2;s:15:"control_percent";i:2;s:8:"controls";a:2:{s:7:"content";a:1:{s:14:"section_editor";a:1:{s:6:"editor";i:2;}}s:5:"style";a:1:{s:13:"section_style";a:3:{s:21:"typography_typography";i:1;s:22:"typography_font_family";i:1;s:22:"typography_font_weight";i:1;}}}}s:6:"column";a:3:{s:5:"count";i:7;s:15:"control_percent";i:0;s:8:"controls";a:1:{s:6:"layout";a:1:{s:6:"layout";a:1:{s:12:"_inline_size";i:7;}}}}s:7:"section";a:3:{s:5:"count";i:4;s:15:"control_percent";i:0;s:8:"controls";a:1:{s:6:"layout";a:1:{s:17:"section_structure";a:1:{s:9:"structure";i:2;}}}}s:5:"image";a:3:{s:5:"count";i:3;s:15:"control_percent";i:1;s:8:"controls";a:1:{s:7:"content";a:1:{s:13:"section_image";a:1:{s:5:"image";i:3;}}}}}]]></wp:meta_value>
		</wp:postmeta>
							<wp:postmeta>
		<wp:meta_key><![CDATA[_thumbnail_id]]></wp:meta_key>
		<wp:meta_value><![CDATA[226]]></wp:meta_value>
		</wp:postmeta>
							</item>
					<item>
		<title><![CDATA[Madagascar]]></title>
		<link>https://sandrine-ecole.alwaysdata.net/madagascar/</link>
		<pubDate>Wed, 24 Nov 2021 16:00:52 +0000</pubDate>
		<dc:creator><![CDATA[fares]]></dc:creator>
		<guid isPermaLink="false">https://sandrine-ecole.alwaysdata.net/?p=40</guid>
		<description></description>
		<content:encoded><![CDATA[<h2>Madagascar</h2>		
		<p>Quatrième plus grande île du monde, Madagascar fait rêver les petits et les grands explorateurs. Avec sa végétation variée et son climat unique, l’ile abrite <strong>une incroyable diversité d’animaux</strong>, dont certains, <strong>endémiques</strong>, sont rares et stupéfiants. Partir à Madagascar permet de découvrir ce que la nature a de plus beau à offrir et de programmer un safari, à la rencontre d’<strong>un monde animalier exceptionnel</strong>. Lors de <a href="https://www.voyagemadagascar.com/circuit">votre voyage à Madagascar</a>, gardez les yeux grands ouverts et vos jumelles à portée de main, car les rencontres avec les animaux seront fréquentes. Voici quelques-uns des nombreux animaux que vous pourrez observer à Madagascar :</p>		
			<h2>Les animaux à voir à Madagascar</h2>		
															<img width="525" height="378" src="https://sandrine-ecole.alwaysdata.net/wp-content/uploads/2021/11/ring_tailed_lemur_826012_1920-MAX-w1000h600.jpg" alt="" loading="lazy" srcset="https://sandrine-ecole.alwaysdata.net/wp-content/uploads/2021/11/ring_tailed_lemur_826012_1920-MAX-w1000h600.jpg 999w, https://sandrine-ecole.alwaysdata.net/wp-content/uploads/2021/11/ring_tailed_lemur_826012_1920-MAX-w1000h600-300x216.jpg 300w, https://sandrine-ecole.alwaysdata.net/wp-content/uploads/2021/11/ring_tailed_lemur_826012_1920-MAX-w1000h600-768x554.jpg 768w" sizes="(max-width: 525px) 100vw, 525px" />															
		<p style="font-weight: 400;">Le prédateur le plus redouté des lémuriens est <b><strong>le fossa</strong></b>, animal endémique à Madagascar. Ce <b><strong>grand félin</strong></b> est le plus grand carnivore de l’île. Il vit surtout en solitude et chasse de jour comme de nuit. Mesurant environ 70cm de long, il est plus petit que le puma et pèse en moyenne 10kg</p>		
			<h4>L’aye-aye</h4>		
		<p>Autre curiosité de Madagascar, <strong>l’aye-aye</strong> ne se retrouve nulle part ailleurs dans le monde. Ce primate aux grandes oreilles triangulaires, comme celles des chauve-souris a aussi une longue queue. Il se nourrit principalement d’insectes qu’il récupère dans les trous des arbres grâce à ses longs doigts. C’est <strong>le plus grand primate nocturne du monde</strong>, mesurant près de 90cm de longueur. </p>		
															<img width="525" height="350" src="https://sandrine-ecole.alwaysdata.net/wp-content/uploads/2021/11/aye_aye-MAX-w1000h600.jpg" alt="" loading="lazy" srcset="https://sandrine-ecole.alwaysdata.net/wp-content/uploads/2021/11/aye_aye-MAX-w1000h600.jpg 1000w, https://sandrine-ecole.alwaysdata.net/wp-content/uploads/2021/11/aye_aye-MAX-w1000h600-300x200.jpg 300w, https://sandrine-ecole.alwaysdata.net/wp-content/uploads/2021/11/aye_aye-MAX-w1000h600-768x511.jpg 768w" sizes="(max-width: 525px) 100vw, 525px" />]]></content:encoded>
		<excerpt:encoded><![CDATA[]]></excerpt:encoded>
		<wp:post_id>40</wp:post_id>
		<wp:post_date><![CDATA[2021-11-24 17:00:52]]></wp:post_date>
		<wp:post_date_gmt><![CDATA[2021-11-24 16:00:52]]></wp:post_date_gmt>
		<wp:post_modified><![CDATA[2021-12-04 20:16:04]]></wp:post_modified>
		<wp:post_modified_gmt><![CDATA[2021-12-04 19:16:04]]></wp:post_modified_gmt>
		<wp:comment_status><![CDATA[open]]></wp:comment_status>
		<wp:ping_status><![CDATA[open]]></wp:ping_status>
		<wp:post_name><![CDATA[madagascar]]></wp:post_name>
		<wp:status><![CDATA[publish]]></wp:status>
		<wp:post_parent>0</wp:post_parent>
		<wp:menu_order>0</wp:menu_order>
		<wp:post_type><![CDATA[post]]></wp:post_type>
		<wp:post_password><![CDATA[]]></wp:post_password>
		<wp:is_sticky>0</wp:is_sticky>
										<category domain="category" nicename="non-classe"><![CDATA[Afrique]]></category>
						<wp:postmeta>
		<wp:meta_key><![CDATA[_edit_last]]></wp:meta_key>
		<wp:meta_value><![CDATA[1]]></wp:meta_value>
		</wp:postmeta>
							<wp:postmeta>
		<wp:meta_key><![CDATA[_yoast_wpseo_primary_category]]></wp:meta_key>
		<wp:meta_value><![CDATA[4]]></wp:meta_value>
		</wp:postmeta>
							<wp:postmeta>
		<wp:meta_key><![CDATA[_yoast_wpseo_estimated-reading-time-minutes]]></wp:meta_key>
		<wp:meta_value><![CDATA[]]></wp:meta_value>
		</wp:postmeta>
							<wp:postmeta>
		<wp:meta_key><![CDATA[_elementor_edit_mode]]></wp:meta_key>
		<wp:meta_value><![CDATA[builder]]></wp:meta_value>
		</wp:postmeta>
							<wp:postmeta>
		<wp:meta_key><![CDATA[_elementor_template_type]]></wp:meta_key>
		<wp:meta_value><![CDATA[wp-post]]></wp:meta_value>
		</wp:postmeta>
							<wp:postmeta>
		<wp:meta_key><![CDATA[_elementor_version]]></wp:meta_key>
		<wp:meta_value><![CDATA[3.4.8]]></wp:meta_value>
		</wp:postmeta>
							<wp:postmeta>
		<wp:meta_key><![CDATA[_thumbnail_id]]></wp:meta_key>
		<wp:meta_value><![CDATA[243]]></wp:meta_value>
		</wp:postmeta>
							<wp:postmeta>
		<wp:meta_key><![CDATA[_wp_page_template]]></wp:meta_key>
		<wp:meta_value><![CDATA[default]]></wp:meta_value>
		</wp:postmeta>
							<wp:postmeta>
		<wp:meta_key><![CDATA[_elementor_data]]></wp:meta_key>
		<wp:meta_value><![CDATA[[{"id":"5aad115","elType":"section","settings":{"structure":"20"},"elements":[{"id":"ad00597","elType":"column","settings":{"_column_size":50,"_inline_size":null},"elements":[{"id":"5055c56","elType":"widget","settings":{"title":"Madagascar","typography_typography":"custom","typography_font_family":"Open Sans","typography_font_size":{"unit":"rem","size":3,"sizes":[]},"typography_font_weight":"400","_margin":{"unit":"px","top":"59","right":"0","bottom":"0","left":"0","isLinked":false},"__globals__":{"title_color":"globals\/colors?id=295ec22"}},"elements":[],"widgetType":"heading"}],"isInner":false},{"id":"4cda677","elType":"column","settings":{"_column_size":50,"_inline_size":null},"elements":[{"id":"6f56e60","elType":"widget","settings":{"editor":"<p>Quatri\u00e8me plus grande \u00eele du monde, Madagascar fait r\u00eaver les petits et les grands explorateurs. Avec sa v\u00e9g\u00e9tation vari\u00e9e et son climat unique, l\u2019ile abrite\u00a0<strong>une incroyable diversit\u00e9 d\u2019animaux<\/strong>, dont certains,\u00a0<strong>end\u00e9miques<\/strong>, sont rares et stup\u00e9fiants. Partir \u00e0 Madagascar permet de d\u00e9couvrir ce que la nature a de plus beau \u00e0 offrir et de programmer un safari, \u00e0 la rencontre d\u2019<strong>un monde animalier exceptionnel<\/strong>. Lors de\u00a0<a href=\"https:\/\/www.voyagemadagascar.com\/circuit\">votre voyage \u00e0 Madagascar<\/a>, gardez les yeux grands ouverts et vos jumelles \u00e0 port\u00e9e de main, car les rencontres avec les animaux seront fr\u00e9quentes. Voici quelques-uns des nombreux animaux que vous pourrez observer \u00e0 Madagascar :<\/p>","typography_typography":"custom","typography_font_family":"Open Sans","typography_font_weight":"400","__globals__":{"text_color":"globals\/colors?id=295ec22"}},"elements":[],"widgetType":"text-editor"}],"isInner":false}],"isInner":false},{"id":"289e452","elType":"section","settings":{"structure":"20"},"elements":[{"id":"3fecc6f","elType":"column","settings":{"_column_size":50,"_inline_size":null},"elements":[{"id":"cef127e","elType":"widget","settings":{"title":"Les animaux \u00e0 voir \u00e0 Madagascar","typography_typography":"custom","typography_font_family":"Roboto","typography_font_size":{"unit":"rem","size":"","sizes":[]},"typography_font_weight":"400","__globals__":{"title_color":"globals\/colors?id=295ec22"}},"elements":[],"widgetType":"heading"},{"id":"7dd0558","elType":"widget","settings":{"image":{"url":"https:\/\/sandrine-ecole.alwaysdata.net\/wp-content\/uploads\/2021\/11\/ring_tailed_lemur_826012_1920-MAX-w1000h600.jpg","id":245,"alt":"","source":"library"}},"elements":[],"widgetType":"image"},{"id":"69b747d","elType":"widget","settings":{"editor":"<p style=\"font-weight: 400;\">Le pr\u00e9dateur le plus redout\u00e9 des l\u00e9muriens est\u00a0<b><strong>le fossa<\/strong><\/b>, animal end\u00e9mique \u00e0 Madagascar. Ce\u00a0<b><strong>grand f\u00e9lin<\/strong><\/b>\u00a0est le plus grand carnivore de l\u2019\u00eele. Il vit surtout en solitude et chasse de jour comme de nuit. Mesurant environ 70cm de long, il est plus petit que le puma et p\u00e8se en moyenne 10kg<\/p>","typography_typography":"custom","typography_font_family":"Open Sans","typography_font_weight":"400","__globals__":{"text_color":"globals\/colors?id=295ec22"}},"elements":[],"widgetType":"text-editor"}],"isInner":false},{"id":"51a5668","elType":"column","settings":{"_column_size":50,"_inline_size":null},"elements":[{"id":"746d024","elType":"widget","settings":{"title":"L\u2019aye-aye","header_size":"h4","typography_typography":"custom","typography_font_family":"Open Sans","typography_font_size":{"unit":"rem","size":2,"sizes":[]},"typography_font_weight":"600","__globals__":{"title_color":"globals\/colors?id=295ec22"}},"elements":[],"widgetType":"heading"},{"id":"877ca67","elType":"widget","settings":{"editor":"<p>Autre curiosit\u00e9 de Madagascar,\u00a0<strong>l\u2019aye-aye<\/strong>\u00a0ne se retrouve nulle part ailleurs dans le monde. Ce primate aux grandes oreilles triangulaires, comme celles des chauve-souris a aussi une longue queue. Il se nourrit principalement d\u2019insectes qu\u2019il r\u00e9cup\u00e8re dans les trous des arbres gr\u00e2ce \u00e0 ses longs doigts. C\u2019est\u00a0<strong>le plus grand primate nocturne du monde<\/strong>, mesurant pr\u00e8s de 90cm de longueur.\u00a0<\/p>","typography_typography":"custom","typography_font_family":"Open Sans","typography_font_weight":"400","__globals__":{"text_color":"globals\/colors?id=295ec22"}},"elements":[],"widgetType":"text-editor"},{"id":"1727a94","elType":"widget","settings":{"image":{"url":"https:\/\/sandrine-ecole.alwaysdata.net\/wp-content\/uploads\/2021\/11\/aye_aye-MAX-w1000h600.jpg","id":246,"alt":"","source":"library"}},"elements":[],"widgetType":"image"}],"isInner":false}],"isInner":false}]]]></wp:meta_value>
		</wp:postmeta>
							<wp:postmeta>
		<wp:meta_key><![CDATA[_elementor_page_assets]]></wp:meta_key>
		<wp:meta_value><![CDATA[a:0:{}]]></wp:meta_value>
		</wp:postmeta>
							<wp:postmeta>
		<wp:meta_key><![CDATA[_elementor_controls_usage]]></wp:meta_key>
		<wp:meta_value><![CDATA[a:5:{s:7:"heading";a:3:{s:5:"count";i:3;s:15:"control_percent";i:4;s:8:"controls";a:3:{s:7:"content";a:1:{s:13:"section_title";a:2:{s:5:"title";i:3;s:11:"header_size";i:1;}}s:5:"style";a:1:{s:19:"section_title_style";a:4:{s:21:"typography_typography";i:3;s:22:"typography_font_family";i:3;s:20:"typography_font_size";i:3;s:22:"typography_font_weight";i:3;}}s:8:"advanced";a:1:{s:14:"_section_style";a:1:{s:7:"_margin";i:1;}}}}s:6:"column";a:3:{s:5:"count";i:4;s:15:"control_percent";i:0;s:8:"controls";a:1:{s:6:"layout";a:1:{s:6:"layout";a:1:{s:12:"_inline_size";i:4;}}}}s:11:"text-editor";a:3:{s:5:"count";i:3;s:15:"control_percent";i:2;s:8:"controls";a:2:{s:7:"content";a:1:{s:14:"section_editor";a:1:{s:6:"editor";i:3;}}s:5:"style";a:1:{s:13:"section_style";a:3:{s:21:"typography_typography";i:3;s:22:"typography_font_family";i:3;s:22:"typography_font_weight";i:3;}}}}s:7:"section";a:3:{s:5:"count";i:2;s:15:"control_percent";i:0;s:8:"controls";a:1:{s:6:"layout";a:1:{s:17:"section_structure";a:1:{s:9:"structure";i:2;}}}}s:5:"image";a:3:{s:5:"count";i:2;s:15:"control_percent";i:1;s:8:"controls";a:1:{s:7:"content";a:1:{s:13:"section_image";a:1:{s:5:"image";i:2;}}}}}]]></wp:meta_value>
		</wp:postmeta>
							</item>
					<item>
		<title><![CDATA[Japon]]></title>
		<link>https://sandrine-ecole.alwaysdata.net/japon/</link>
		<pubDate>Wed, 24 Nov 2021 16:01:14 +0000</pubDate>
		<dc:creator><![CDATA[fares]]></dc:creator>
		<guid isPermaLink="false">https://sandrine-ecole.alwaysdata.net/?p=42</guid>
		<description></description>
		<content:encoded><![CDATA[<h1>Rikugi-en </h1>		
			<h3>Le jardin</h3>		
		<p>Le jardin a été construit à l’époque Edo, entre 1695 et 1702 et fut ouvert au public à partir de 1938. Il est aujourd’hui désigné site exceptionnel. On peut y trouver de nombreux éléments et paysages différents. C’est un jardin Daimyo (appartenant à un seigneur féodal) qui comprend une promenade, des collines, un îlot et un étang. Sa construction est inspirée de la poésie Waka, un style de poésie japonaise traditionnelle. On y trouve également pas moins de 3 maisons de thé.</p><p>. </p><p>La visite se fait dans n’importe quel sens, le principal étant d’admirer les différents paysages qui s’offrent à nous. Pleins de petits chemins nous amènent sur différents points de vue tout plus jolis les uns que les autres. Des ponts, des collines, des petites promenades à l’ombre des arbres. Les paysages s’enchainent et ne ressemblent pas. On déambule dans les allées et les recoins avec beaucoup de plaisir</p>		
															<img width="525" height="350" src="https://sandrine-ecole.alwaysdata.net/wp-content/uploads/2021/11/rikugi-en-tokyo-2-1024x683-1.jpg" alt="" loading="lazy" srcset="https://sandrine-ecole.alwaysdata.net/wp-content/uploads/2021/11/rikugi-en-tokyo-2-1024x683-1.jpg 1024w, https://sandrine-ecole.alwaysdata.net/wp-content/uploads/2021/11/rikugi-en-tokyo-2-1024x683-1-300x200.jpg 300w, https://sandrine-ecole.alwaysdata.net/wp-content/uploads/2021/11/rikugi-en-tokyo-2-1024x683-1-768x512.jpg 768w" sizes="(max-width: 525px) 100vw, 525px" />															
															<img width="525" height="332" src="https://sandrine-ecole.alwaysdata.net/wp-content/uploads/2021/11/rikugi-en-tokyo-5-1024x648.jpg" alt="" loading="lazy" srcset="https://sandrine-ecole.alwaysdata.net/wp-content/uploads/2021/11/rikugi-en-tokyo-5-1024x648.jpg 1024w, https://sandrine-ecole.alwaysdata.net/wp-content/uploads/2021/11/rikugi-en-tokyo-5-300x190.jpg 300w, https://sandrine-ecole.alwaysdata.net/wp-content/uploads/2021/11/rikugi-en-tokyo-5-768x486.jpg 768w, https://sandrine-ecole.alwaysdata.net/wp-content/uploads/2021/11/rikugi-en-tokyo-5.jpg 1050w" sizes="(max-width: 525px) 100vw, 525px" />															
															<img width="525" height="350" src="https://sandrine-ecole.alwaysdata.net/wp-content/uploads/2021/11/rikugi-en-tokyo-11-1024x683.jpg" alt="" loading="lazy" srcset="https://sandrine-ecole.alwaysdata.net/wp-content/uploads/2021/11/rikugi-en-tokyo-11-1024x683.jpg 1024w, https://sandrine-ecole.alwaysdata.net/wp-content/uploads/2021/11/rikugi-en-tokyo-11-300x200.jpg 300w, https://sandrine-ecole.alwaysdata.net/wp-content/uploads/2021/11/rikugi-en-tokyo-11-768x512.jpg 768w, https://sandrine-ecole.alwaysdata.net/wp-content/uploads/2021/11/rikugi-en-tokyo-11.jpg 1050w" sizes="(max-width: 525px) 100vw, 525px" />]]></content:encoded>
		<excerpt:encoded><![CDATA[]]></excerpt:encoded>
		<wp:post_id>42</wp:post_id>
		<wp:post_date><![CDATA[2021-11-24 17:01:14]]></wp:post_date>
		<wp:post_date_gmt><![CDATA[2021-11-24 16:01:14]]></wp:post_date_gmt>
		<wp:post_modified><![CDATA[2021-12-04 20:15:58]]></wp:post_modified>
		<wp:post_modified_gmt><![CDATA[2021-12-04 19:15:58]]></wp:post_modified_gmt>
		<wp:comment_status><![CDATA[open]]></wp:comment_status>
		<wp:ping_status><![CDATA[open]]></wp:ping_status>
		<wp:post_name><![CDATA[japon]]></wp:post_name>
		<wp:status><![CDATA[publish]]></wp:status>
		<wp:post_parent>0</wp:post_parent>
		<wp:menu_order>0</wp:menu_order>
		<wp:post_type><![CDATA[post]]></wp:post_type>
		<wp:post_password><![CDATA[]]></wp:post_password>
		<wp:is_sticky>0</wp:is_sticky>
										<category domain="category" nicename="non-classe"><![CDATA[Afrique]]></category>
						<wp:postmeta>
		<wp:meta_key><![CDATA[_edit_last]]></wp:meta_key>
		<wp:meta_value><![CDATA[1]]></wp:meta_value>
		</wp:postmeta>
							<wp:postmeta>
		<wp:meta_key><![CDATA[_yoast_wpseo_primary_category]]></wp:meta_key>
		<wp:meta_value><![CDATA[2]]></wp:meta_value>
		</wp:postmeta>
							<wp:postmeta>
		<wp:meta_key><![CDATA[_yoast_wpseo_estimated-reading-time-minutes]]></wp:meta_key>
		<wp:meta_value><![CDATA[]]></wp:meta_value>
		</wp:postmeta>
							<wp:postmeta>
		<wp:meta_key><![CDATA[_elementor_edit_mode]]></wp:meta_key>
		<wp:meta_value><![CDATA[builder]]></wp:meta_value>
		</wp:postmeta>
							<wp:postmeta>
		<wp:meta_key><![CDATA[_elementor_template_type]]></wp:meta_key>
		<wp:meta_value><![CDATA[wp-post]]></wp:meta_value>
		</wp:postmeta>
							<wp:postmeta>
		<wp:meta_key><![CDATA[_elementor_version]]></wp:meta_key>
		<wp:meta_value><![CDATA[3.4.8]]></wp:meta_value>
		</wp:postmeta>
							<wp:postmeta>
		<wp:meta_key><![CDATA[_wp_page_template]]></wp:meta_key>
		<wp:meta_value><![CDATA[default]]></wp:meta_value>
		</wp:postmeta>
							<wp:postmeta>
		<wp:meta_key><![CDATA[_elementor_data]]></wp:meta_key>
		<wp:meta_value><![CDATA[[{"id":"b974b5d","elType":"section","settings":{"structure":"20"},"elements":[{"id":"108ed44","elType":"column","settings":{"_column_size":50,"_inline_size":42.398},"elements":[{"id":"3fe2095","elType":"widget","settings":{"title":"Rikugi-en ","title_color":"#123544","typography_typography":"custom","typography_font_family":"Open Sans","typography_font_size":{"unit":"rem","size":4,"sizes":[]},"typography_font_weight":"200","typography_line_height":{"unit":"em","size":0.8,"sizes":[]},"__globals__":{"title_color":"","typography_typography":""},"header_size":"h1"},"elements":[],"widgetType":"heading"}],"isInner":false},{"id":"8342525","elType":"column","settings":{"_column_size":50,"_inline_size":57.602},"elements":[],"isInner":false}],"isInner":false},{"id":"0602f17","elType":"section","settings":{"structure":"20"},"elements":[{"id":"8fe4ff6","elType":"column","settings":{"_column_size":50,"_inline_size":null},"elements":[{"id":"57bce4f","elType":"widget","settings":{"title":"Le jardin","header_size":"h3","typography_typography":"custom","typography_font_family":"Open Sans","typography_font_size":{"unit":"rem","size":"","sizes":[]},"typography_font_weight":"400","__globals__":{"title_color":"globals\/colors?id=295ec22"}},"elements":[],"widgetType":"heading"},{"id":"c085595","elType":"widget","settings":{"editor":"<p>Le jardin a \u00e9t\u00e9 construit \u00e0 l\u2019\u00e9poque Edo, entre 1695 et 1702 et fut ouvert au public \u00e0 partir de 1938. Il est aujourd\u2019hui d\u00e9sign\u00e9 site exceptionnel. On peut y trouver de nombreux \u00e9l\u00e9ments et paysages diff\u00e9rents. C\u2019est un jardin Daimyo (appartenant \u00e0 un seigneur f\u00e9odal) qui comprend une promenade, des collines, un \u00eelot et un \u00e9tang. Sa construction est inspir\u00e9e de la po\u00e9sie Waka, un style de po\u00e9sie japonaise traditionnelle. On y trouve \u00e9galement pas moins de 3 maisons de th\u00e9.<\/p><p>.\u00a0<\/p>","__globals__":{"text_color":"globals\/colors?id=295ec22"}},"elements":[],"widgetType":"text-editor"},{"id":"868a7e1","elType":"widget","settings":{"editor":"<p>La visite se fait dans n\u2019importe quel sens, le principal \u00e9tant d\u2019admirer les diff\u00e9rents paysages qui s\u2019offrent \u00e0 nous. Pleins de petits chemins nous am\u00e8nent sur diff\u00e9rents points de vue tout plus jolis les uns que les autres. Des ponts, des collines, des petites promenades \u00e0 l\u2019ombre des arbres. Les paysages s\u2019enchainent et ne ressemblent pas. On d\u00e9ambule dans les all\u00e9es et les recoins avec beaucoup de plaisir<\/p>","__globals__":{"text_color":"globals\/colors?id=295ec22"}},"elements":[],"widgetType":"text-editor"}],"isInner":false},{"id":"e26688d","elType":"column","settings":{"_column_size":50,"_inline_size":null},"elements":[{"id":"4be382d","elType":"widget","settings":{"image":{"url":"https:\/\/sandrine-ecole.alwaysdata.net\/wp-content\/uploads\/2021\/11\/rikugi-en-tokyo-2-1024x683-1.jpg","id":205,"alt":"","source":"library"}},"elements":[],"widgetType":"image"}],"isInner":false}],"isInner":false},{"id":"330fe49","elType":"section","settings":{"structure":"20"},"elements":[{"id":"5b2d2f7","elType":"column","settings":{"_column_size":50,"_inline_size":51.171},"elements":[{"id":"cb26215","elType":"widget","settings":{"image":{"url":"https:\/\/sandrine-ecole.alwaysdata.net\/wp-content\/uploads\/2021\/11\/rikugi-en-tokyo-5.jpg","id":217,"alt":"","source":"library"}},"elements":[],"widgetType":"image"}],"isInner":false},{"id":"c202947","elType":"column","settings":{"_column_size":50,"_inline_size":48.829},"elements":[{"id":"38e62cd","elType":"widget","settings":{"image":{"url":"https:\/\/sandrine-ecole.alwaysdata.net\/wp-content\/uploads\/2021\/11\/rikugi-en-tokyo-11.jpg","id":215,"alt":"","source":"library"}},"elements":[],"widgetType":"image"}],"isInner":false}],"isInner":false}]]]></wp:meta_value>
		</wp:postmeta>
							<wp:postmeta>
		<wp:meta_key><![CDATA[_elementor_page_assets]]></wp:meta_key>
		<wp:meta_value><![CDATA[a:0:{}]]></wp:meta_value>
		</wp:postmeta>
							<wp:postmeta>
		<wp:meta_key><![CDATA[_thumbnail_id]]></wp:meta_key>
		<wp:meta_value><![CDATA[212]]></wp:meta_value>
		</wp:postmeta>
							<wp:postmeta>
		<wp:meta_key><![CDATA[_elementor_controls_usage]]></wp:meta_key>
		<wp:meta_value><![CDATA[a:5:{s:7:"heading";a:3:{s:5:"count";i:2;s:15:"control_percent";i:4;s:8:"controls";a:2:{s:7:"content";a:1:{s:13:"section_title";a:2:{s:5:"title";i:2;s:11:"header_size";i:2;}}s:5:"style";a:1:{s:19:"section_title_style";a:6:{s:11:"title_color";i:1;s:21:"typography_typography";i:2;s:22:"typography_font_family";i:2;s:20:"typography_font_size";i:2;s:22:"typography_font_weight";i:2;s:22:"typography_line_height";i:1;}}}}s:6:"column";a:3:{s:5:"count";i:6;s:15:"control_percent";i:0;s:8:"controls";a:1:{s:6:"layout";a:1:{s:6:"layout";a:1:{s:12:"_inline_size";i:6;}}}}s:7:"section";a:3:{s:5:"count";i:3;s:15:"control_percent";i:0;s:8:"controls";a:1:{s:6:"layout";a:1:{s:17:"section_structure";a:1:{s:9:"structure";i:3;}}}}s:11:"text-editor";a:3:{s:5:"count";i:2;s:15:"control_percent";i:1;s:8:"controls";a:1:{s:7:"content";a:1:{s:14:"section_editor";a:1:{s:6:"editor";i:2;}}}}s:5:"image";a:3:{s:5:"count";i:3;s:15:"control_percent";i:1;s:8:"controls";a:1:{s:7:"content";a:1:{s:13:"section_image";a:1:{s:5:"image";i:3;}}}}}]]></wp:meta_value>
		</wp:postmeta>
							</item>
					<item>
		<title><![CDATA[autres]]></title>
		<link>https://sandrine-ecole.alwaysdata.net/?p=164</link>
		<pubDate>Thu, 02 Dec 2021 10:22:53 +0000</pubDate>
		<dc:creator><![CDATA[fares]]></dc:creator>
		<guid isPermaLink="false">https://sandrine-ecole.alwaysdata.net/?p=164</guid>
		<description></description>
		<content:encoded><![CDATA[]]></content:encoded>
		<excerpt:encoded><![CDATA[AUTRE EXTRAIT]]></excerpt:encoded>
		<wp:post_id>164</wp:post_id>
		<wp:post_date><![CDATA[2021-12-02 11:22:53]]></wp:post_date>
		<wp:post_date_gmt><![CDATA[2021-12-02 10:22:53]]></wp:post_date_gmt>
		<wp:post_modified><![CDATA[2021-12-04 18:27:20]]></wp:post_modified>
		<wp:post_modified_gmt><![CDATA[2021-12-04 17:27:20]]></wp:post_modified_gmt>
		<wp:comment_status><![CDATA[open]]></wp:comment_status>
		<wp:ping_status><![CDATA[open]]></wp:ping_status>
		<wp:post_name><![CDATA[autres__trashed]]></wp:post_name>
		<wp:status><![CDATA[trash]]></wp:status>
		<wp:post_parent>0</wp:post_parent>
		<wp:menu_order>0</wp:menu_order>
		<wp:post_type><![CDATA[post]]></wp:post_type>
		<wp:post_password><![CDATA[]]></wp:post_password>
		<wp:is_sticky>0</wp:is_sticky>
										<category domain="category" nicename="non-classe"><![CDATA[Afrique]]></category>
						<wp:postmeta>
		<wp:meta_key><![CDATA[_edit_last]]></wp:meta_key>
		<wp:meta_value><![CDATA[1]]></wp:meta_value>
		</wp:postmeta>
							<wp:postmeta>
		<wp:meta_key><![CDATA[gucherry_blog_sidebar_position]]></wp:meta_key>
		<wp:meta_value><![CDATA[right]]></wp:meta_value>
		</wp:postmeta>
							<wp:postmeta>
		<wp:meta_key><![CDATA[_elementor_edit_mode]]></wp:meta_key>
		<wp:meta_value><![CDATA[builder]]></wp:meta_value>
		</wp:postmeta>
							<wp:postmeta>
		<wp:meta_key><![CDATA[_elementor_template_type]]></wp:meta_key>
		<wp:meta_value><![CDATA[wp-post]]></wp:meta_value>
		</wp:postmeta>
							<wp:postmeta>
		<wp:meta_key><![CDATA[_elementor_version]]></wp:meta_key>
		<wp:meta_value><![CDATA[3.4.8]]></wp:meta_value>
		</wp:postmeta>
							<wp:postmeta>
		<wp:meta_key><![CDATA[_wp_trash_meta_status]]></wp:meta_key>
		<wp:meta_value><![CDATA[publish]]></wp:meta_value>
		</wp:postmeta>
							<wp:postmeta>
		<wp:meta_key><![CDATA[_wp_trash_meta_time]]></wp:meta_key>
		<wp:meta_value><![CDATA[1638638840]]></wp:meta_value>
		</wp:postmeta>
							<wp:postmeta>
		<wp:meta_key><![CDATA[_wp_desired_post_slug]]></wp:meta_key>
		<wp:meta_value><![CDATA[autres]]></wp:meta_value>
		</wp:postmeta>
							</item>
				</channel>
</rss>
	